variable,value
$1000 TO 2999,2.2
$10000 - 14999,2.1029411764705883
$15000 - 19999,1.8909090909090909
$20000 - 24999,2.0470588235294116
$25000 OR MORE,2.1028192371475956
$3000 TO 3999,1.9375
$4000 TO 4999,1.8
$5000 TO 5999,2.25
$6000 TO 6999,1.6666666666666667
$7000 TO 7999,2
$8000 TO 9999,2.176470588235294
LT $1000,2
