variable,value
"$1,000 to $2,999",6.545454545454546
"$10,000 to $14,999",6.593548387096774
"$15,000 to $19,999",6.614864864864865
"$20,000 to $24,999",6
"$25,000 or more",4.872891814068285
"$3,000 to $3,999",7.117647058823529
"$4,000 to $4,999",7.090909090909091
"$5,000 to $5,999",5.0588235294117645
"$6,000 to $6,999",4.5
"$7,000 to $7,999",6.48
"$8,000 to $9,999",6.285714285714286
"Under $1,000",10.333333333333334
