variable,value
"$1,000 to $2,999",1.9130434782608696
"$10,000 to $14,999",1.9056603773584906
"$15,000 to $19,999",1.875
"$20,000 to $24,999",1.896551724137931
"$25,000 or more",2.123371335504886
"$3,000 to $3,999",1.8235294117647058
"$4,000 to $4,999",1.6363636363636365
"$5,000 to $5,999",2
"$6,000 to $6,999",1.8181818181818181
"$7,000 to $7,999",1.96
"$8,000 to $9,999",1.9069767441860466
"Under $1,000",1.6956521739130435
