variable,value
ABOVE AVERAGE,4.867768595041323
AVERAGE,5
BELOW AVERAGE,5.561224489795919
FAR ABOVE AVERAGE,5.583333333333333
FAR BELOW AVERAGE,5.752293577981652
