variable,value
ABOVE AVERAGE,2.0661157024793386
AVERAGE,2.0287907869481767
BELOW AVERAGE,2.0201342281879193
FAR ABOVE AVERAGE,2.0416666666666665
FAR BELOW AVERAGE,2.079646017699115
