variable,value
ABOVE AVERAGE,4.856692913385827
AVERAGE,5.0917941585535464
BELOW AVERAGE,5.543689320388349
FAR ABOVE AVERAGE,4.876923076923077
FAR BELOW AVERAGE,5.473880597014926
