variable,value
$1000 TO 2999,5.4
$10000 - 14999,6.378787878787879
$15000 - 19999,7.12962962962963
$20000 - 24999,5.705882352941177
$25000 OR MORE,4.57762938230384
$3000 TO 3999,5.375
$4000 TO 4999,6.7
$5000 TO 5999,4.733333333333333
$6000 TO 6999,4.555555555555555
$7000 TO 7999,3.533333333333333
$8000 TO 9999,4.75
LT $1000,6.642857142857143
